,media_produtos_por_pedido,media_valor_pedido_sem_frete,dias_atividade,cluster
0,1.0,53.21,426,1
1,1.0,185.9,672,1
2,1.02,108.05,259,0
3,1.0,755.0,66,0
4,1.28,349.68,372,1
5,1.06,201.31,682,1
6,1.04,206.24,282,1
7,1.45,137.64,148,0
8,1.13,35.74,440,1
9,1.03,172.28,499,1
10,1.11,161.11,461,1
11,1.0,17.5,86,0
12,1.0,286.67,304,1
13,1.42,43.08,174,0
14,1.08,60.42,151,0
15,1.17,577.67,111,0
16,1.0,55.0,1,0
17,1.64,389.18,95,0
18,1.0,72.0,126,0
19,1.0,95.11,85,0
20,1.17,273.33,230,0
21,1.0,98.0,15,0
22,1.13,93.52,557,1
23,1.39,410.0,341,1
24,1.02,201.53,193,0
25,1.0,30.0,1,0
26,1.0,30.0,1,0
27,1.19,172.21,431,1
28,1.0,18.0,68,0
29,1.0,24.0,1,0
30,1.14,28.83,352,1
31,1.46,106.62,236,0
32,1.0,706.28,507,1
33,1.04,237.08,395,1
34,1.5,673.5,11,0
35,1.0,97.25,437,1
36,1.0,35.0,1,0
37,1.0,32.0,2,0
38,1.0,8.0,1,0
39,1.22,72.09,133,0
40,1.38,33.62,129,0
41,1.0,300.5,3,0
42,1.24,417.14,226,0
43,1.0,75.0,1,0
44,1.0,34.33,141,0
45,1.3,402.04,200,0
46,1.0,58.67,137,0
47,1.23,81.23,400,1
48,1.08,332.58,196,0
49,1.28,174.83,299,1
50,1.0,69.0,78,0
51,1.08,27.0,241,0
52,1.19,24.62,189,0
53,3.33,348.44,267,0
54,1.0,364.5,28,0
55,1.75,92.88,193,0
56,2.33,89.33,14,0
57,1.03,98.39,424,1
58,1.33,130.58,391,1
59,1.2,116.17,140,0
60,1.0,136.0,246,0
61,1.0,449.0,116,0
62,1.04,41.39,567,1
63,1.24,61.64,681,1
64,1.2,98.06,215,0
65,1.36,95.77,261,0
66,1.0,85.35,177,0
67,1.0,75.0,2,0
68,1.24,129.8,270,1
69,1.0,50.0,228,0
70,1.05,112.54,559,1
71,1.0,1358.0,68,2
72,1.0,63.0,1,0
73,1.0,82.0,15,0
74,1.0,30.0,90,0
75,1.0,126.25,15,0
76,1.1,151.8,42,0
77,1.08,86.67,99,0
78,1.0,600.0,1,0
79,1.0,583.4,106,0
80,1.09,121.45,686,1
81,1.0,127.47,211,0
82,1.0,53.87,199,0
83,1.03,127.22,684,1
84,1.16,108.61,129,0
85,1.71,348.47,387,1
86,1.0,173.12,291,1
87,1.0,83.71,66,0
88,1.0,39.0,1,0
89,1.2,39.4,137,0
90,1.0,130.0,244,0
91,1.0,3549.0,1,2
92,1.05,61.64,573,1
93,1.24,160.6,528,1
94,2.33,80.0,63,0
95,1.0,194.0,112,0
96,1.0,74.18,97,0
97,1.0,57.33,174,0
98,1.0,597.0,147,0
99,1.02,116.69,583,1
100,1.0,135.0,218,0
101,1.5,87.83,282,1
102,1.05,60.7,91,0
103,1.0,45.86,93,0
104,1.0,20.33,54,0
105,1.0,203.25,86,0
106,1.0,644.08,132,0
107,2.11,91.0,476,1
108,1.0,90.5,334,1
109,1.0,76.0,9,0
110,1.26,61.51,423,1
111,1.0,240.67,79,0
112,2.0,38.0,1,0
113,1.12,60.38,309,1
114,1.19,97.85,190,0
115,1.0,198.5,63,0
116,1.5,88.6,124,0
117,1.11,370.0,243,0
118,1.0,68.0,11,0
119,1.07,133.21,330,1
120,1.0,34.15,284,1
121,1.06,182.23,518,1
122,1.17,229.42,244,0
123,1.1,127.82,463,1
124,1.16,100.79,499,1
125,1.0,59.0,1,0
126,1.0,148.0,31,0
127,1.3,86.67,513,1
128,1.31,34.81,507,1
129,1.64,1279.09,100,2
130,1.0,133.0,117,0
131,1.24,42.13,381,1
132,1.12,52.91,220,0
133,1.17,162.33,234,0
134,1.0,60.0,37,0
135,1.0,146.14,107,0
136,1.0,35.0,1,0
137,1.0,102.33,314,1
138,1.0,70.0,1,0
139,1.0,259.0,96,0
140,1.0,59.8,63,0
141,1.14,1404.0,169,2
142,1.0,545.14,161,0
143,1.0,131.43,229,0
144,2.67,193.0,44,0
145,1.08,49.99,295,1
146,1.06,148.52,350,1
147,1.0,184.0,98,0
148,1.17,99.0,141,0
149,1.0,42.0,1,0
150,1.0,196.8,34,0
151,1.0,41.25,138,0
152,1.0,670.0,160,0
153,2.0,37.5,28,0
154,1.0,72.11,88,0
155,1.18,128.27,138,0
156,1.0,134.62,160,0
157,1.0,369.5,16,0
158,1.03,142.16,265,1
159,1.0,136.67,543,1
160,1.0,154.0,1,0
161,1.0,911.53,391,1
162,1.08,121.58,151,0
163,1.0,87.0,1,0
164,1.0,30.0,99,0
165,1.5,150.0,94,0
166,1.0,67.0,99,0
167,1.07,183.73,279,1
168,1.12,56.12,81,0
169,1.09,673.0,212,0
170,1.05,220.43,551,1
171,1.0,129.33,164,0
172,1.0,69.0,1,0
173,1.0,125.0,18,0
174,1.09,66.36,268,1
175,1.06,182.39,186,0
176,1.0,41.56,139,0
177,1.22,338.26,408,1
178,1.0,750.0,1,0
179,1.0,180.0,1,0
180,1.0,37.8,78,0
181,1.06,92.89,322,1
182,1.0,577.0,31,0
183,1.1,238.4,270,1
184,1.0,86.0,1,0
185,1.29,443.57,228,0
186,1.0,46.0,1,0
187,1.03,125.59,273,1
188,1.04,118.78,329,1
189,1.0,2025.5,251,2
190,1.11,223.44,453,1
191,1.0,90.67,157,0
192,1.0,105.4,116,0
193,1.0,84.4,70,0
194,1.06,183.94,362,1
195,1.15,167.35,521,1
196,1.1,57.67,279,1
197,1.0,86.64,146,0
198,1.0,129.56,431,1
199,1.33,338.89,288,1
200,1.09,109.18,158,0
201,1.0,120.0,1,0
202,1.0,452.5,345,1
203,1.04,88.12,573,1
204,1.0,37.17,315,1
205,1.06,90.59,297,1
206,1.0,249.0,52,0
207,1.0,144.95,121,0
208,1.0,190.0,1,0
209,1.0,205.44,89,0
210,2.5,150.0,364,1
211,1.0,240.0,1,0
212,1.11,111.75,597,1
213,1.0,78.33,37,0
214,1.06,75.75,339,1
215,1.0,67.5,28,0
216,1.0,45.89,301,1
217,1.0,70.0,1,0
218,1.17,30.5,62,0
219,1.0,125.9,251,0
220,1.02,153.08,562,1
221,1.0,51.0,87,0
222,2.0,210.0,1,0
223,1.0,156.47,291,1
224,1.0,51.33,589,1
225,1.0,41.67,34,0
226,1.0,26.0,1,0
227,1.04,70.65,122,0
228,1.0,814.55,291,1
229,1.08,29.67,368,1
230,1.05,156.77,270,1
231,1.0,150.0,1,0
232,1.22,113.61,274,1
233,1.0,125.59,182,0
234,1.0,99.0,26,0
235,1.0,313.5,80,0
236,1.12,71.67,299,1
237,1.0,236.17,240,0
238,1.03,52.36,347,1
239,1.36,128.47,134,0
240,1.38,172.31,218,0
241,1.0,110.0,1,0
242,1.0,86.5,71,0
243,1.08,52.33,317,1
244,1.1,64.22,384,1
245,1.0,30.5,216,0
246,1.0,153.6,111,0
247,1.03,226.17,414,1
248,1.05,44.38,208,0
249,1.0,35.91,186,0
250,1.0,130.5,264,0
251,1.11,67.56,173,0
252,1.29,61.03,465,1
253,1.05,345.33,530,1
254,1.0,343.0,1,0
255,1.0,90.0,1,0
256,1.5,208.5,202,0
257,1.14,51.69,277,1
258,1.0,174.82,156,0
259,1.0,350.0,1,0
260,1.09,101.17,299,1
261,1.03,106.62,537,1
262,1.0,679.33,356,1
263,1.09,132.51,580,1
264,2.0,44.5,82,0
265,1.0,106.0,17,0
266,1.0,89.67,112,0
267,1.0,59.29,412,1
268,1.09,94.73,94,0
269,1.0,174.0,1,0
270,1.16,51.23,280,1
271,1.0,155.0,1,0
272,1.57,243.14,63,0
273,1.0,392.33,41,0
274,1.0,168.0,1,0
275,1.2,62.0,99,0
276,1.0,155.0,1,0
277,1.0,43.75,191,0
278,1.15,74.15,204,0
279,1.0,48.33,321,1
280,1.0,136.0,129,0
281,1.14,112.71,37,0
282,1.0,453.0,551,1
283,1.0,221.5,91,0
284,1.0,96.69,261,0
285,1.0,112.06,314,1
286,1.0,158.95,304,1
287,1.01,108.28,264,0
288,1.61,27.42,528,1
289,1.14,207.29,54,0
290,1.0,1599.0,100,2
291,1.0,89.0,1,0
292,1.0,22.0,1,0
293,2.0,77.92,189,0
294,1.0,164.65,455,1
295,1.33,56.23,553,1
296,1.11,116.94,534,1
297,1.2,59.0,44,0
298,1.12,62.38,212,0
299,1.2,104.4,102,0
300,1.11,633.06,99,0
301,1.31,58.94,298,1
302,2.0,240.0,161,0
303,1.02,115.72,482,1
304,1.25,83.75,128,0
305,1.0,67.0,54,0
306,1.0,116.0,262,0
307,1.06,117.12,560,1
308,1.0,615.67,213,0
309,2.0,70.0,80,0
310,1.0,361.5,63,0
311,1.0,392.0,259,0
312,1.0,74.0,43,0
313,1.0,879.8,82,0
314,1.0,330.4,600,1
315,1.15,348.85,144,0
316,2.4,85.0,236,0
317,1.06,112.74,265,1
318,1.06,152.26,345,1
319,1.0,40.0,1,0
320,2.06,118.6,567,1
321,1.0,300.0,1,0
322,1.0,103.5,77,0
323,1.08,152.27,686,1
324,1.14,81.0,176,0
325,1.09,77.82,187,0
326,1.08,66.92,205,0
327,1.0,22.0,2,0
328,1.0,90.0,147,0
329,1.0,16.0,1,0
330,2.0,94.0,1,0
331,1.0,134.75,125,0
332,1.0,650.0,1,0
333,1.06,62.19,157,0
334,1.2,58.8,192,0
335,4.33,114.0,130,0
336,1.0,210.0,5,0
337,1.0,94.0,1,0
338,1.0,103.0,104,0
339,1.0,106.0,310,1
340,1.06,81.47,205,0
341,1.5,156.0,74,0
342,1.0,32.75,55,0
343,1.0,90.0,1,0
344,1.0,280.0,4,0
345,1.0,79.38,74,0
346,1.0,79.0,73,0
347,1.0,304.0,337,1
348,1.04,129.85,524,1
349,1.32,75.36,299,1
350,1.0,109.17,40,0
351,1.0,792.8,437,1
352,1.0,21.0,1,0
353,1.12,83.4,108,0
354,1.08,155.87,690,1
355,1.33,25.33,14,0
356,1.31,538.14,195,0
357,1.0,975.0,1,0
358,1.23,539.05,540,1
359,1.0,264.0,25,0
360,2.0,190.0,28,0
361,1.33,100.22,181,0
362,1.57,66.71,98,0
363,2.0,48.0,1,0
364,1.0,83.64,353,1
365,1.31,69.31,283,1
366,1.08,49.98,191,0
367,1.14,151.21,321,1
368,1.0,176.0,121,0
369,1.0,60.0,53,0
370,1.0,164.25,20,0
371,1.09,99.55,275,1
372,1.0,189.0,89,0
373,1.14,32.97,513,1
374,1.0,49.43,107,0
375,1.02,331.51,460,1
376,1.05,46.08,400,1
377,1.0,322.56,163,0
378,1.33,37.75,510,1
379,1.0,92.0,495,1
380,1.5,202.0,179,0
381,1.21,61.12,247,0
382,1.09,138.61,228,0
383,1.06,95.24,442,1
384,1.0,29.2,194,0
385,1.0,130.0,57,0
386,1.4,24.0,29,0
387,1.17,42.5,93,0
388,1.0,120.0,1,0
389,1.0,1399.0,147,2
390,1.0,739.33,58,0
391,1.17,137.58,155,0
392,1.0,235.5,277,1
393,1.19,445.2,350,1
394,1.06,90.55,348,1
395,1.25,99.51,267,1
396,1.08,181.29,240,0
397,1.25,72.5,194,0
398,1.0,313.5,319,1
399,1.0,90.0,1,0
400,1.0,103.75,96,0
401,1.0,57.0,85,0
402,1.12,136.15,105,0
403,1.0,86.5,19,0
404,1.08,109.05,626,1
405,1.03,92.81,217,0
406,1.0,76.33,38,0
407,1.1,135.1,267,1
408,1.27,146.99,572,1
409,1.05,183.98,524,1
410,1.0,48.08,143,0
411,1.0,133.0,83,0
412,1.0,1211.0,100,2
413,1.04,193.6,677,1
414,1.0,24.83,147,0
415,1.19,45.66,520,1
416,1.0,163.67,33,0
417,1.17,76.03,689,1
418,1.0,521.67,50,0
419,1.0,816.0,85,0
420,1.0,40.0,291,1
421,1.18,89.75,498,1
422,1.0,241.67,82,0
423,1.07,46.95,181,0
424,1.0,66.33,85,0
425,1.0,89.0,1,0
426,1.0,58.43,83,0
427,1.0,610.91,474,1
428,1.12,27.88,475,1
429,1.0,75.0,1,0
430,1.1,61.9,327,1
431,1.11,52.67,114,0
432,1.0,97.0,184,0
433,1.0,160.0,82,0
434,1.0,354.14,491,1
435,1.0,28.0,105,0
436,1.0,109.25,123,0
437,3.0,57.0,1,0
438,1.0,80.0,80,0
439,1.6,134.8,231,0
440,1.0,180.0,180,0
441,1.0,80.0,51,0
442,1.0,70.0,1,0
443,1.08,149.83,566,1
444,1.0,129.0,142,0
445,1.25,398.75,492,1
446,1.38,48.68,322,1
447,1.0,135.38,530,1
448,1.0,138.67,330,1
449,1.33,177.0,73,0
450,1.0,31.33,147,0
451,1.0,35.0,188,0
452,1.08,264.33,459,1
453,1.33,39.33,148,0
454,1.0,29.75,88,0
455,3.75,6018.75,449,2
456,1.15,37.92,579,1
457,1.0,52.0,28,0
458,1.02,190.69,268,1
459,1.0,81.5,74,0
460,1.0,594.5,8,0
461,1.0,54.14,105,0
462,1.0,112.11,473,1
463,1.04,101.15,412,1
464,1.0,19.0,1,0
465,1.0,120.0,1,0
466,1.32,45.27,308,1
467,1.16,428.58,267,1
468,1.0,47.18,325,1
469,1.0,148.88,350,1
470,1.22,117.78,251,0
471,1.06,201.29,245,0
472,2.0,167.33,31,0
473,1.03,167.39,551,1
474,1.0,70.0,174,0
475,1.25,111.25,219,0
476,1.5,40.25,123,0
477,1.0,300.0,33,0
478,1.0,22.0,1,0
479,1.15,164.67,212,0
480,1.0,28.0,1,0
481,1.0,33.0,130,0
482,1.0,446.0,1,0
483,1.0,186.93,456,1
484,1.06,152.36,467,1
485,1.0,29.4,150,0
486,1.5,157.0,10,0
487,1.0,198.42,236,0
488,1.19,76.33,308,1
489,1.0,75.0,1,0
490,1.0,26.0,56,0
491,1.1,80.87,424,1
492,1.0,96.0,58,0
493,1.0,7.0,1,0
494,1.05,150.79,209,0
495,1.06,77.29,405,1
496,1.0,379.33,228,0
497,1.04,743.83,206,0
498,1.08,47.85,582,1
499,1.2,65.0,473,1
500,1.04,66.2,305,1
501,1.0,644.78,184,0
502,1.07,48.6,137,0
503,1.35,110.96,301,1
504,1.05,40.08,182,0
505,1.24,77.64,694,1
506,1.11,61.17,442,1
507,1.0,97.32,258,0
508,2.0,100.14,141,0
509,1.0,145.0,1,0
510,1.13,62.96,359,1
511,1.25,287.0,380,1
512,1.12,180.4,302,1
513,2.25,123.75,84,0
514,1.33,318.73,308,1
515,1.04,417.83,550,1
516,1.0,851.0,3,0
517,1.06,217.44,393,1
518,1.43,38.57,54,0
519,1.08,46.86,250,0
520,1.22,110.94,277,1
521,1.05,129.16,366,1
522,1.03,75.28,143,0
523,1.0,40.0,1,0
524,1.03,153.64,465,1
525,1.24,33.31,533,1
526,1.06,95.28,245,0
527,1.0,2951.0,1,2
528,1.0,90.0,9,0
529,1.04,135.0,482,1
530,1.0,42.5,90,0
531,1.05,102.95,186,0
532,1.0,25.0,1,0
533,1.04,250.0,520,1
534,1.12,224.75,202,0
535,1.08,28.89,501,1
536,1.0,122.0,92,0
537,1.14,186.57,685,1
538,1.33,253.67,23,0
539,1.14,113.14,220,0
540,1.04,260.0,212,0
541,1.0,421.07,144,0
542,1.06,62.46,561,1
543,2.0,160.0,1,0
544,1.0,292.0,17,0
545,1.0,285.0,1,0
546,1.0,597.5,234,0
547,1.0,209.85,506,1
548,2.0,98.0,1,0
549,1.09,29.53,408,1
550,1.22,692.22,457,1
551,1.0,238.0,1,0
552,1.17,104.65,401,1
553,1.07,118.55,486,1
554,1.35,304.77,569,1
555,1.0,33.08,444,1
556,1.1,67.8,99,0
557,1.64,236.09,249,0
558,1.02,335.48,525,1
559,1.0,15.0,1,0
560,1.0,56.92,302,1
561,1.0,80.0,1,0
562,1.09,149.27,195,0
563,1.0,1097.05,199,0
564,2.0,858.0,209,0
565,1.11,202.89,476,1
566,1.67,493.0,328,1
567,1.5,157.6,238,0
568,1.0,25.0,20,0
569,1.02,68.52,586,1
570,1.0,63.5,223,0
571,1.18,23.04,110,0
572,1.1,363.1,472,1
573,1.0,50.0,1,0
574,1.03,36.62,495,1
575,1.0,149.0,1,0
576,1.18,137.29,510,1
577,1.0,69.36,209,0
578,1.0,57.67,85,0
579,1.0,1013.33,377,1
580,1.0,250.0,1,0
581,1.04,204.14,521,1
582,1.0,90.0,1,0
583,1.0,1100.0,396,1
584,1.17,122.75,107,0
585,1.0,105.5,61,0
586,1.08,53.08,221,0
587,1.0,29.0,1,0
588,1.27,156.86,143,0
589,1.0,150.0,19,0
590,1.11,201.03,524,1
591,3.12,105.62,354,1
592,1.0,21.0,1,0
593,1.5,40.0,11,0
594,1.0,143.5,107,0
595,1.25,214.58,327,1
596,1.05,100.84,557,1
597,1.22,313.09,460,1
598,1.29,300.88,501,1
599,2.0,94.75,204,0
600,1.0,641.32,271,1
601,1.0,200.0,1,0
602,1.0,300.0,1,0
603,1.0,420.2,658,1
604,1.02,372.02,330,1
605,1.22,64.0,349,1
606,1.5,48.75,236,0
607,1.0,59.08,202,0
608,1.15,130.85,371,1
609,1.0,114.66,285,1
610,1.0,1659.0,1,2
611,1.0,39.0,1,0
612,1.06,849.06,144,0
613,1.0,77.95,280,1
614,1.99,136.04,561,1
615,1.27,38.09,98,0
616,1.09,857.48,548,1
617,1.0,47.0,74,0
618,1.0,100.31,141,0
619,3.0,765.0,182,0
620,1.0,142.12,147,0
621,1.0,740.0,1,0
622,1.0,299.0,1,0
623,1.12,122.41,318,1
624,1.15,129.52,109,0
625,1.07,345.18,516,1
626,2.0,198.0,1,0
627,1.16,58.07,272,1
628,1.33,85.97,317,1
629,1.02,72.98,320,1
630,1.0,60.0,1,0
631,1.0,51.17,464,1
632,1.03,68.57,546,1
633,1.0,96.0,46,0
634,1.24,156.47,157,0
635,1.0,108.33,122,0
636,1.22,73.44,209,0
637,1.0,101.38,359,1
638,1.0,43.83,312,1
639,1.0,175.57,53,0
640,1.2,90.2,280,1
641,1.55,501.64,308,1
642,1.1,66.6,282,1
643,1.0,28.0,24,0
644,1.0,223.1,572,1
645,1.0,910.0,1,0
646,1.0,626.0,75,0
647,1.07,104.6,385,1
648,1.0,320.0,1,0
649,1.0,199.0,1,0
650,1.0,60.0,11,0
651,1.0,13.0,1,0
652,1.0,92.75,177,0
653,1.0,100.0,16,0
654,1.22,115.28,161,0
655,1.0,67.0,1,0
656,2.0,59.5,90,0
657,1.0,383.0,382,1
658,1.33,60.0,18,0
659,1.07,89.96,662,1
660,1.18,95.15,161,0
661,1.0,115.0,1,0
662,1.0,94.0,1,0
663,1.0,1537.14,66,2
664,1.0,80.56,123,0
665,1.0,350.0,188,0
666,1.13,119.72,558,1
667,1.33,43.67,3,0
668,1.04,53.82,442,1
669,1.03,158.03,345,1
670,1.28,50.83,585,1
671,1.0,39.0,20,0
672,1.0,126.0,78,0
673,1.0,770.78,212,0
674,1.0,251.11,293,1
675,1.14,648.29,233,0
676,1.0,115.0,1,0
677,1.0,92.14,127,0
678,1.0,101.0,1,0
679,1.08,60.83,88,0
680,1.11,74.96,287,1
681,1.0,900.0,1,0
682,1.0,279.5,89,0
683,1.0,380.8,271,1
684,1.03,95.12,467,1
685,1.0,136.0,3,0
686,1.18,222.05,371,1
687,1.1,282.9,259,0
688,1.13,93.53,257,0
689,1.25,274.25,62,0
690,1.0,113.56,300,1
691,1.0,29.82,112,0
692,1.0,350.0,5,0
693,1.0,20.0,1,0
694,1.29,87.47,156,0
695,1.0,3133.33,188,2
696,1.0,139.5,172,0
697,1.29,62.71,530,1
698,1.57,81.0,392,1
699,1.5,143.0,62,0
700,1.14,59.06,443,1
701,1.25,462.25,385,1
702,1.0,380.0,59,0
703,1.06,129.5,532,1
704,1.0,98.0,1,0
705,1.2,211.65,522,1
706,1.0,81.43,44,0
707,1.38,44.38,314,1
708,1.0,47.0,1,0
709,1.0,410.0,69,0
710,1.0,49.5,367,1
711,1.0,80.05,119,0
712,1.07,594.11,481,1
713,1.0,653.17,154,0
714,1.0,20.0,1,0
715,1.0,130.0,1,0
716,1.12,51.88,297,1
717,1.19,67.08,548,1
718,1.0,77.33,116,0
719,1.0,30.0,1,0
720,1.22,147.62,282,1
721,1.0,97.56,142,0
722,1.0,61.14,168,0
723,1.06,246.78,169,0
724,1.0,226.0,90,0
725,1.04,454.42,444,1
726,1.0,88.5,193,0
727,3.0,101.67,202,0
728,1.5,138.0,166,0
729,1.0,103.66,305,1
730,1.5,81.55,124,0
731,1.0,80.0,1,0
732,1.11,55.8,673,1
733,1.04,92.83,325,1
734,1.23,66.76,539,1
735,1.0,255.57,143,0
736,1.12,131.29,128,0
737,1.02,335.36,377,1
738,1.0,86.89,58,0
739,1.0,77.0,14,0
740,1.14,252.69,342,1
741,1.01,55.45,690,1
742,1.03,96.79,244,0
743,1.0,130.0,1,0
744,1.0,110.67,100,0
745,1.0,70.0,1,0
746,2.67,114.33,77,0
747,1.09,136.73,380,1
748,1.34,180.39,568,1
749,1.03,133.27,415,1
750,1.0,358.22,83,0
751,1.11,66.03,406,1
752,1.06,87.82,541,1
753,1.0,641.0,56,0
754,1.0,685.51,143,0
755,1.0,32.25,118,0
756,1.0,123.36,440,1
757,1.06,135.03,576,1
758,3.0,49.0,1,0
759,1.0,70.0,51,0
760,1.11,34.67,58,0
761,2.0,230.0,1,0
762,1.0,75.0,129,0
763,1.0,80.0,1,0
764,1.0,279.0,1,0
765,1.09,54.71,70,0
766,1.11,64.42,129,0
767,1.0,169.0,92,0
768,1.11,23.79,178,0
769,1.0,283.33,55,0
770,1.0,311.0,99,0
771,1.01,175.26,493,1
772,1.0,22.0,1,0
773,1.0,46.12,251,0
774,1.14,141.43,283,1
775,1.5,54.0,7,0
776,1.0,45.0,1,0
777,1.0,127.6,552,1
778,1.03,78.6,125,0
779,1.0,3360.0,96,2
780,1.0,189.12,97,0
781,2.11,58.5,569,1
782,1.0,120.0,77,0
783,2.0,96.0,1,0
784,1.04,145.44,258,0
785,1.0,99.0,1,0
786,1.0,309.0,1,0
787,1.71,85.0,54,0
788,1.38,63.19,568,1
789,1.19,123.14,570,1
790,1.67,616.67,101,0
791,1.0,54.44,98,0
792,1.22,73.11,193,0
793,1.05,58.14,271,1
794,1.14,250.71,432,1
795,1.0,32.0,1,0
796,1.0,111.11,186,0
797,1.0,978.0,1,0
798,1.0,44.0,39,0
799,1.0,80.0,15,0
800,1.11,252.37,401,1
801,1.02,296.79,310,1
802,1.0,121.38,162,0
803,1.0,36.83,78,0
804,1.0,54.0,33,0
805,1.21,77.5,383,1
806,1.07,141.47,558,1
807,1.0,269.0,115,0
808,1.0,90.0,1,0
809,1.0,15.0,1,0
810,1.0,871.5,33,0
811,1.0,120.0,1,0
812,1.09,59.0,226,0
813,1.0,117.0,17,0
814,1.0,57.5,236,0
815,1.0,162.0,1,0
816,1.0,390.0,1,0
817,1.16,60.58,546,1
818,1.09,83.96,446,1
819,2.55,198.18,352,1
820,1.0,158.75,75,0
821,1.0,36.0,59,0
822,1.0,171.62,158,0
823,1.0,19.0,1,0
824,1.25,73.75,513,1
825,1.0,20.0,1,0
826,1.17,187.59,150,0
827,1.0,96.5,139,0
828,1.0,1420.0,1,2
829,1.0,472.33,68,0
830,1.0,132.14,540,1
831,1.0,61.0,1,0
832,1.05,80.75,296,1
833,1.11,75.2,226,0
834,1.0,66.5,87,0
835,1.1,60.2,103,0
836,1.0,153.75,228,0
837,1.0,67.5,13,0
838,1.0,674.76,67,0
839,1.25,223.75,37,0
840,1.0,88.0,17,0
841,1.4,982.8,101,0
842,1.0,207.6,102,0
843,1.0,52.11,263,0
844,1.1,159.8,22,0
845,1.0,228.0,122,0
846,1.0,93.85,110,0
847,1.09,194.27,147,0
848,1.0,15.0,1,0
849,1.08,117.31,255,0
850,1.06,74.12,163,0
851,1.0,37.5,37,0
852,1.0,109.0,1,0
853,1.23,21.92,393,1
854,1.12,162.19,486,1
855,1.0,50.0,1,0
856,1.0,73.0,1,0
857,1.21,249.62,665,1
858,1.0,52.0,113,0
859,1.0,56.67,20,0
860,1.0,24.0,71,0
861,2.02,269.73,331,1
862,1.33,122.89,97,0
863,1.0,40.0,1,0
864,1.38,575.54,361,1
865,1.05,480.01,325,1
866,1.34,51.74,353,1
867,1.05,98.05,338,1
868,1.0,139.33,65,0
869,1.0,151.07,111,0
870,1.07,136.22,203,0
871,1.87,136.2,267,0
872,1.5,179.33,84,0
873,1.0,53.4,361,1
874,1.62,147.62,685,1
875,1.0,42.0,1,0
876,1.0,1474.0,95,2
877,1.0,1350.0,251,2
878,1.0,67.5,104,0
879,1.12,90.38,72,0
880,1.5,277.0,45,0
881,1.1,312.97,374,1
882,1.02,67.6,318,1
883,1.0,45.0,1,0
884,1.17,113.0,141,0
885,1.09,141.38,356,1
886,1.03,118.58,474,1
887,1.0,1200.0,43,2
888,1.27,56.21,401,1
889,1.5,168.5,280,1
890,1.4,49.2,90,0
891,1.0,141.18,163,0
892,1.0,110.0,1,0
893,1.0,170.0,1,0
894,1.14,109.0,94,0
895,1.18,50.0,238,0
896,1.04,204.25,383,1
897,1.07,504.14,526,1
898,1.25,52.25,371,1
899,1.0,45.0,1,0
900,3.0,138.0,1,0
901,1.0,137.1,95,0
902,1.0,35.0,1,0
903,1.0,241.6,135,0
904,1.33,87.0,467,1
905,1.29,37.29,99,0
906,1.0,200.0,1,0
907,1.0,250.0,75,0
908,1.0,190.0,1,0
909,1.0,80.0,1,0
910,1.0,58.67,28,0
911,1.0,222.38,97,0
912,1.08,109.49,537,1
913,1.0,65.0,1,0
914,1.12,79.53,146,0
915,1.0,95.0,1,0
916,1.1,109.0,94,0
917,1.5,58.5,23,0
918,1.08,128.08,174,0
919,2.5,162.0,82,0
920,1.03,185.61,376,1
921,1.0,8.0,1,0
922,1.05,53.82,671,1
923,1.0,187.22,436,1
924,1.0,25.0,1,0
925,1.09,106.88,408,1
926,1.14,111.86,91,0
927,1.33,53.33,66,0
928,1.0,270.0,1,0
929,1.33,105.67,128,0
930,1.0,16.12,423,1
931,1.0,41.75,120,0
932,1.06,147.14,146,0
933,1.0,1099.0,1,0
934,1.0,23.53,176,0
935,1.0,39.5,27,0
936,1.12,232.88,69,0
937,1.0,390.0,1,0
938,1.86,978.57,136,0
939,1.0,63.43,279,1
940,1.0,469.73,266,1
941,1.0,436.67,195,0
942,1.0,62.0,1,0
943,1.0,290.0,1,0
944,1.0,148.33,476,1
945,1.11,110.57,505,1
946,1.0,32.29,178,0
947,1.14,42.0,132,0
948,1.05,183.1,339,1
949,1.0,45.33,6,0
950,1.0,233.33,16,0
951,1.01,168.64,513,1
952,1.0,39.0,1,0
953,1.0,29.38,155,0
954,1.0,69.0,1,0
955,1.09,168.84,566,1
956,1.08,130.83,341,1
957,1.05,162.38,495,1
958,1.0,708.0,29,0
959,1.28,14.88,287,1
960,1.0,30.9,112,0
961,1.0,604.64,462,1
962,1.09,117.36,108,0
963,1.1,64.5,527,1
964,1.0,113.92,109,0
965,1.02,144.19,346,1
966,1.06,195.38,228,0
967,1.1,33.9,44,0
968,1.15,71.48,114,0
969,1.33,508.33,56,0
970,1.0,92.5,68,0
971,2.5,89.5,120,0
972,1.04,102.83,482,1
973,1.15,39.1,236,0
974,1.2,32.95,285,1
975,1.0,70.5,31,0
976,1.06,39.86,252,0
977,1.18,51.41,555,1
978,1.05,95.68,397,1
979,1.71,56.88,539,1
980,1.0,378.0,10,0
981,1.08,109.12,268,1
982,1.21,95.95,685,1
983,1.34,104.06,214,0
984,1.5,233.1,112,0
985,1.0,52.7,141,0
986,1.15,108.68,581,1
987,1.31,210.44,311,1
988,1.02,149.86,399,1
989,1.0,75.0,1,0
990,1.25,162.0,54,0
991,1.0,56.0,3,0
992,1.09,109.14,524,1
993,1.09,70.73,242,0
994,1.17,270.17,103,0
995,1.0,89.0,421,1
996,1.0,162.2,223,0
997,1.15,46.54,566,1
998,1.33,34.67,125,0
999,1.0,393.89,274,1
1000,1.12,31.5,56,0
1001,1.0,88.0,1,0
1002,1.26,52.32,233,0
1003,1.0,45.0,1,0
1004,1.0,654.5,83,0
1005,1.0,313.12,316,1
1006,1.21,98.95,368,1
1007,2.5,113.0,176,0
1008,1.12,160.25,377,1
1009,1.0,80.91,238,0
1010,1.14,95.12,369,1
1011,1.0,25.0,1,0
1012,1.25,70.5,99,0
1013,1.03,240.52,485,1
1014,1.0,160.05,263,0
1015,1.06,27.41,291,1
1016,1.04,33.97,220,0
1017,3.17,105.0,69,0
1018,1.0,56.5,93,0
1019,1.0,400.0,49,0
1020,1.4,69.44,217,0
1021,1.1,105.8,36,0
1022,1.0,274.56,282,1
1023,1.0,68.0,39,0
1024,1.11,64.0,553,1
1025,1.12,158.8,573,1
1026,1.23,113.06,348,1
1027,1.22,41.23,559,1
1028,1.5,76.33,145,0
1029,1.0,134.88,214,0
1030,3.4,94.2,147,0
1031,1.0,230.0,1,0
1032,1.0,310.55,119,0
1033,1.14,74.0,345,1
1034,1.15,97.54,279,1
1035,1.0,200.0,1,0
1036,1.05,177.67,333,1
1037,1.14,187.14,163,0
1038,1.0,209.0,30,0
1039,1.08,193.38,122,0
1040,1.57,140.31,225,0
1041,1.01,72.3,119,0
1042,1.12,157.0,182,0
1043,1.0,163.0,113,0
1044,1.17,77.83,257,0
1045,4.0,354.0,129,0
1046,1.2,118.8,176,0
1047,1.0,174.6,106,0
1048,1.06,312.52,392,1
1049,1.08,18.71,299,1
1050,1.0,133.8,190,0
1051,1.0,47.0,1,0
1052,1.03,83.23,435,1
1053,1.0,170.0,59,0
1054,1.0,103.0,41,0
1055,1.31,103.49,255,0
1056,1.0,228.0,105,0
1057,1.0,31.17,188,0
1058,1.62,40.25,205,0
1059,1.24,176.12,174,0
1060,1.91,130.91,133,0
1061,1.1,47.77,314,1
1062,1.17,104.0,355,1
1063,1.0,333.0,39,0
1064,1.09,61.22,284,1
1065,1.0,240.09,361,1
1066,1.13,127.98,113,0
1067,1.0,60.0,67,0
1068,1.09,189.63,403,1
1069,1.07,111.96,462,1
1070,1.02,201.99,529,1
1071,1.0,130.0,93,0
1072,1.6,50.4,75,0
1073,1.0,35.0,1,0
1074,1.23,107.55,358,1
1075,1.22,40.78,89,0
1076,2.0,110.67,181,0
1077,1.84,47.04,558,1
1078,1.05,44.47,369,1
1079,1.07,54.6,476,1
1080,1.0,293.0,423,1
1081,1.01,520.34,645,1
1082,1.0,96.33,122,0
1083,1.0,46.0,1,0
1084,1.1,42.61,457,1
1085,1.43,73.57,108,0
1086,1.24,158.29,292,1
1087,1.0,66.67,46,0
1088,1.5,19.5,1,0
1089,1.05,117.33,85,0
1090,1.0,294.0,1,0
1091,1.0,94.0,1,0
1092,1.0,18.75,148,0
1093,1.0,65.0,1,0
1094,1.62,162.77,474,1
1095,1.06,140.54,79,0
1096,1.0,164.0,67,0
1097,1.0,25.0,1,0
1098,1.0,51.5,93,0
1099,1.2,49.13,383,1
1100,1.0,575.0,171,0
1101,1.0,35.0,38,0
1102,1.0,149.0,1,0
1103,1.0,13.0,7,0
1104,1.17,75.72,456,1
1105,1.09,46.36,159,0
1106,1.05,136.59,498,1
1107,1.5,30.0,22,0
1108,1.06,214.88,408,1
1109,1.15,123.1,185,0
1110,1.0,179.0,288,1
1111,1.12,103.97,470,1
1112,1.0,118.23,341,1
1113,1.17,150.5,97,0
1114,1.11,320.11,415,1
1115,1.06,74.97,75,0
1116,1.09,135.82,674,1
1117,1.0,380.0,110,0
1118,1.12,81.42,271,1
1119,2.56,118.22,111,0
1120,1.0,230.0,1,0
1121,1.07,100.96,500,1
1122,1.08,51.92,264,0
1123,2.0,200.0,1,0
1124,1.05,229.93,257,0
1125,1.0,90.0,206,0
1126,1.15,69.26,215,0
1127,1.07,192.29,324,1
1128,1.05,49.82,338,1
1129,1.0,31.25,73,0
1130,1.15,34.8,326,1
1131,1.06,126.47,337,1
1132,1.0,1875.67,35,2
1133,1.0,161.0,3,0
1134,1.0,73.0,54,0
1135,1.0,104.0,85,0
1136,1.03,105.05,506,1
1137,1.65,277.83,494,1
1138,1.4,57.87,148,0
1139,1.0,50.0,1,0
1140,1.0,130.0,1,0
1141,1.1,100.03,326,1
1142,1.0,153.93,93,0
1143,1.0,1271.67,292,2
1144,1.0,108.75,123,0
1145,1.5,774.75,161,0
1146,1.0,109.0,1,0
1147,1.1,47.38,80,0
1148,1.0,486.67,163,0
1149,1.0,48.5,279,1
1150,1.12,118.38,511,1
1151,1.13,60.5,300,1
1152,1.0,160.6,49,0
1153,1.54,168.13,240,0
1154,2.0,152.25,113,0
1155,1.18,153.06,376,1
1156,1.09,59.52,501,1
1157,1.01,530.62,540,1
1158,1.0,338.5,9,0
1159,1.03,30.47,685,1
1160,3.0,72.0,1,0
1161,1.21,19.63,495,1
1162,1.3,47.56,222,0
1163,1.0,136.6,308,1
1164,1.65,103.06,283,1
1165,1.0,166.57,117,0
1166,1.0,72.53,95,0
1167,1.0,601.88,242,0
1168,1.0,90.6,272,1
1169,1.0,87.33,78,0
1170,1.0,39.67,145,0
1171,1.15,103.23,183,0
1172,1.33,70.0,245,0
1173,1.07,57.07,119,0
1174,1.0,754.1,558,1
1175,1.14,93.57,135,0
1176,1.18,91.53,688,1
1177,1.67,70.0,51,0
1178,1.0,847.83,517,1
1179,1.0,176.0,1,0
1180,1.21,562.93,87,0
1181,15.0,765.0,1,2
1182,1.0,10.0,1,0
1183,1.22,149.79,214,0
1184,1.17,943.0,450,1
1185,1.0,335.0,1,0
1186,1.0,748.9,317,1
1187,1.07,134.98,457,1
1188,1.0,47.5,73,0
1189,1.0,113.17,332,1
1190,1.33,229.0,65,0
1191,1.09,198.0,171,0
1192,1.0,104.25,32,0
1193,1.04,304.13,327,1
1194,1.0,132.11,224,0
1195,1.07,44.4,350,1
1196,1.4,90.8,61,0
1197,1.32,216.78,390,1
1198,3.0,39.0,196,0
1199,1.0,94.0,1,0
1200,1.0,222.0,67,0
1201,1.33,60.33,30,0
1202,1.0,35.12,394,1
1203,1.05,134.19,359,1
1204,1.05,101.12,456,1
1205,1.38,73.88,209,0
1206,1.0,179.0,1,0
1207,1.0,841.25,90,0
1208,1.0,136.83,185,0
1209,1.02,51.26,423,1
1210,1.0,72.94,291,1
1211,1.0,785.33,228,0
1212,1.0,67.33,98,0
1213,1.21,127.47,381,1
1214,1.0,58.91,213,0
1215,1.2,47.98,563,1
1216,1.06,217.49,404,1
1217,1.14,107.56,543,1
1218,1.67,27.0,60,0
1219,1.0,297.5,419,1
1220,1.09,71.2,92,0
1221,1.1,24.33,495,1
1222,1.0,172.38,289,1
1223,1.17,166.83,161,0
1224,1.07,298.49,562,1
1225,2.0,57.8,129,0
1226,1.08,151.21,372,1
1227,1.0,223.05,393,1
1228,1.0,1489.0,1,2
1229,1.2,105.0,221,0
1230,1.12,48.65,364,1
1231,1.05,414.3,460,1
1232,1.0,80.0,1,0
1233,1.15,125.72,277,1
1234,1.0,139.0,1,0
1235,1.0,196.0,7,0
1236,1.06,94.0,161,0
1237,1.09,41.49,587,1
1238,1.14,141.57,279,1
1239,1.0,87.5,265,1
1240,1.17,149.43,455,1
1241,1.0,82.12,199,0
1242,1.0,96.5,133,0
1243,2.13,46.3,491,1
1244,1.0,77.0,125,0
1245,1.32,73.0,577,1
1246,1.0,200.0,119,0
1247,1.0,175.45,210,0
1248,1.0,279.0,1,0
1249,1.25,72.5,24,0
1250,1.03,118.1,405,1
1251,2.0,398.0,1,0
1252,1.05,46.49,551,1
1253,1.45,134.79,550,1
1254,1.0,6735.0,1,2
1255,1.09,135.74,231,0
1256,1.0,389.67,198,0
1257,1.1,48.45,319,1
1258,1.0,9.0,1,0
1259,1.0,158.0,193,0
1260,1.06,97.57,307,1
1261,1.15,55.23,202,0
1262,1.0,92.5,68,0
1263,1.33,213.38,443,1
1264,1.0,37.0,1,0
1265,1.08,204.38,366,1
1266,1.0,1359.0,63,2
1267,1.2,304.0,272,1
1268,1.01,143.95,671,1
1269,1.0,449.78,95,0
1270,1.23,49.6,398,1
1271,1.0,136.0,1,0
1272,1.0,70.0,1,0
1273,1.4,71.6,261,0
1274,1.0,102.0,1,0
1275,1.47,122.33,91,0
1276,1.0,72.5,19,0
1277,1.0,203.0,1,0
1278,1.5,846.0,1,0
1279,1.35,72.72,519,1
1280,1.07,19.32,565,1
1281,1.04,80.71,682,1
1282,1.02,49.8,327,1
1283,1.08,31.19,692,1
1284,1.0,679.5,94,0
1285,2.0,71.0,223,0
1286,1.91,78.18,272,1
1287,1.0,14.0,1,0
1288,1.08,61.85,133,0
1289,1.0,145.0,48,0
1290,1.0,845.08,119,0
1291,1.03,79.69,504,1
1292,1.19,61.81,524,1
1293,1.69,299.0,165,0
1294,1.0,96.0,203,0
1295,1.2,125.0,188,0
1296,2.0,578.0,1,0
1297,1.08,53.97,297,1
1298,1.31,80.73,688,1
1299,1.02,64.23,574,1
1300,1.17,72.67,97,0
1301,1.0,140.0,25,0
1302,2.0,252.0,1,0
1303,1.86,125.0,250,0
1304,1.35,24.53,137,0
1305,1.0,180.34,387,1
1306,1.04,75.17,403,1
1307,1.0,165.0,120,0
1308,1.0,234.0,1,0
1309,1.02,155.3,101,0
1310,1.1,57.4,226,0
1311,1.0,59.0,1,0
1312,1.26,45.47,514,1
1313,1.15,37.9,531,1
1314,1.25,88.32,556,1
1315,1.14,126.14,550,1
1316,1.25,142.25,58,0
1317,1.0,122.38,63,0
1318,1.0,132.33,12,0
1319,1.04,92.31,215,0
1320,1.0,60.5,64,0
1321,1.0,380.0,248,0
1322,1.01,70.48,288,1
1323,1.0,291.62,117,0
1324,1.0,70.0,1,0
1325,1.08,24.44,211,0
1326,1.0,164.12,154,0
1327,1.0,29.0,1,0
1328,1.12,117.81,342,1
1329,1.0,181.52,536,1
1330,1.0,70.0,259,0
1331,1.47,429.21,399,1
1332,1.0,152.5,29,0
1333,1.0,110.0,1,0
1334,1.15,81.59,567,1
1335,1.0,380.61,141,0
1336,1.0,293.2,97,0
1337,1.0,43.0,1,0
1338,1.22,76.06,265,0
1339,1.03,168.1,336,1
1340,1.17,169.0,44,0
1341,1.0,96.33,327,1
1342,1.15,626.29,359,1
1343,1.15,92.12,278,1
1344,1.19,61.84,561,1
1345,1.3,38.89,458,1
1346,1.0,96.14,89,0
1347,2.0,38.0,1,0
1348,1.1,43.01,542,1
1349,1.04,94.13,551,1
1350,1.0,224.75,70,0
1351,1.0,68.0,246,0
1352,1.0,27.8,162,0
1353,1.08,36.17,143,0
1354,2.0,13.5,85,0
1355,1.0,112.33,112,0
1356,1.0,80.0,4,0
1357,1.38,174.38,136,0
1358,1.4,130.0,182,0
1359,1.0,126.0,1,0
1360,3.0,60.0,86,0
1361,1.04,179.48,285,1
1362,1.14,114.14,161,0
1363,1.11,169.93,560,1
1364,1.0,81.97,189,0
1365,1.0,100.0,1,0
1366,1.21,116.96,146,0
1367,1.1,68.5,113,0
1368,1.0,15.0,1,0
1369,1.1,140.6,578,1
1370,1.0,95.75,105,0
1371,1.0,126.0,50,0
1372,1.22,49.89,365,1
1373,1.02,101.59,237,0
1374,1.0,92.67,14,0
1375,1.0,74.5,113,0
1376,1.0,45.0,111,0
1377,1.37,129.29,435,1
1378,1.33,283.0,98,0
1379,1.0,335.1,421,1
1380,1.15,32.77,76,0
1381,1.0,152.0,1,0
1382,1.29,139.27,146,0
1383,1.0,119.78,156,0
1384,1.0,47.2,70,0
1385,1.0,108.02,107,0
1386,1.1,41.4,373,1
1387,2.5,65.5,85,0
1388,1.0,95.86,115,0
1389,1.0,203.4,120,0
1390,1.13,79.35,402,1
1391,1.0,144.0,258,0
1392,1.08,129.0,363,1
1393,1.0,510.25,490,1
1394,1.0,124.0,125,0
1395,1.13,70.61,406,1
1396,1.0,80.0,5,0
1397,1.0,216.64,231,0
1398,1.0,125.71,183,0
1399,1.0,118.67,427,1
1400,1.0,95.0,1,0
1401,2.5,82.5,3,0
1402,1.02,199.47,324,1
1403,1.0,129.56,332,1
1404,1.23,44.95,579,1
1405,1.14,75.57,93,0
1406,1.33,175.0,69,0
1407,2.17,71.67,330,1
1408,1.0,281.5,118,0
1409,1.21,59.47,556,1
1410,1.0,50.0,124,0
1411,1.22,82.63,164,0
1412,1.32,79.27,355,1
1413,1.0,87.5,69,0
1414,1.0,276.91,221,0
1415,1.0,328.67,146,0
1416,1.04,161.91,155,0
1417,1.02,183.58,120,0
1418,1.0,99.5,6,0
1419,3.0,831.0,1,0
1420,1.0,404.7,265,1
1421,1.0,280.0,1,0
1422,1.1,41.5,532,1
1423,1.56,186.56,428,1
1424,1.0,345.0,1,0
1425,1.0,199.18,539,1
1426,1.3,61.64,272,1
1427,1.5,99.5,13,0
1428,1.0,42.0,223,0
1429,1.06,105.19,130,0
1430,1.0,77.25,317,1
1431,1.0,120.0,1,0
1432,1.0,30.36,253,0
1433,1.86,180.86,61,0
1434,1.0,26.5,19,0
1435,1.0,14.0,39,0
1436,1.0,11.5,122,0
1437,1.0,60.0,1,0
1438,1.0,80.0,1,0
1439,1.0,1558.83,188,2
1440,1.2,84.2,105,0
1441,1.0,60.0,1,0
1442,1.0,365.0,86,0
1443,1.2,44.8,152,0
1444,1.0,29.0,167,0
1445,1.15,125.36,128,0
1446,1.12,67.5,107,0
1447,1.11,134.5,179,0
1448,1.1,88.31,522,1
1449,1.0,219.79,288,1
1450,1.0,168.0,1,0
1451,1.0,13.0,1,0
1452,2.0,174.25,69,0
1453,1.0,45.0,277,1
1454,1.0,319.2,361,1
1455,1.0,321.68,254,0
1456,1.0,80.0,199,0
1457,1.0,99.0,8,0
1458,1.36,71.6,618,1
1459,1.0,196.0,339,1
1460,1.0,133.0,1,0
1461,1.38,76.58,513,1
1462,1.0,70.0,5,0
1463,1.0,146.0,10,0
1464,1.0,154.75,143,0
1465,1.0,40.0,111,0
1466,1.09,107.13,564,1
1467,1.08,214.42,279,1
1468,1.0,344.73,221,0
1469,1.0,47.5,231,0
1470,1.0,12.78,120,0
1471,1.04,172.0,487,1
1472,1.06,92.48,483,1
1473,1.0,186.0,1,0
1474,1.0,890.75,205,0
1475,1.04,132.58,220,0
1476,1.0,91.0,193,0
1477,1.49,75.94,208,0
1478,1.0,118.0,94,0
1479,1.0,1249.0,242,2
1480,1.4,121.0,138,0
1481,1.0,1349.0,165,2
1482,1.0,55.62,157,0
1483,1.0,60.0,137,0
1484,1.0,20.0,94,0
1485,1.02,115.13,465,1
1486,1.0,108.0,96,0
1487,1.25,330.0,160,0
1488,1.09,54.7,92,0
1489,1.0,229.25,38,0
1490,1.0,170.0,435,1
1491,1.0,213.86,216,0
1492,1.2,328.77,404,1
1493,1.0,110.83,124,0
1494,2.0,332.4,255,0
1495,1.17,219.33,268,1
1496,1.17,91.67,139,0
1497,1.09,145.77,142,0
1498,1.25,61.75,144,0
1499,1.0,140.0,1,0
1500,1.0,60.25,98,0
1501,1.0,30.0,1,0
1502,1.09,34.13,317,1
1503,1.0,27.67,62,0
1504,1.1,249.52,121,0
1505,1.0,204.0,1,0
1506,1.0,26.0,169,0
1507,1.0,129.5,281,1
1508,1.03,193.23,561,1
1509,1.0,50.0,1,0
1510,1.0,630.0,386,1
1511,1.33,99.0,25,0
1512,1.0,199.0,1,0
1513,1.0,125.0,20,0
1514,2.09,188.45,291,1
1515,1.15,65.31,546,1
1516,1.0,282.91,282,1
1517,1.11,18.56,99,0
1518,1.07,140.55,474,1
1519,1.84,91.82,403,1
1520,1.55,126.07,336,1
1521,1.0,68.6,284,1
1522,1.0,346.94,340,1
1523,1.0,49.0,1,0
1524,1.3,81.65,163,0
1525,1.17,90.83,98,0
1526,1.0,192.0,166,0
1527,1.33,53.0,174,0
1528,1.0,112.5,3,0
1529,1.12,117.19,107,0
1530,1.0,1600.0,169,2
1531,1.0,223.67,89,0
1532,1.0,220.0,1,0
1533,1.0,71.83,321,1
1534,1.86,33.86,102,0
1535,1.08,66.67,128,0
1536,1.21,51.95,240,0
1537,1.0,112.0,16,0
1538,3.67,128.0,248,0
1539,1.04,104.83,688,1
1540,1.42,193.83,200,0
1541,1.0,200.0,1,0
1542,1.18,132.77,515,1
1543,1.12,63.81,457,1
1544,1.25,303.0,158,0
1545,1.16,109.59,440,1
1546,1.1,511.49,465,1
1547,1.33,100.67,396,1
1548,1.0,231.0,57,0
1549,1.0,99.0,1,0
1550,1.04,453.39,509,1
1551,1.0,24.2,259,0
1552,1.64,64.86,178,0
1553,1.0,447.0,651,1
1554,1.0,1010.57,92,0
1555,1.0,3000.0,123,2
1556,1.33,93.5,27,0
1557,1.0,458.0,1,0
1558,1.86,245.0,198,0
1559,1.0,60.0,1,0
1560,1.0,1999.0,1,2
1561,1.11,315.56,166,0
1562,1.0,559.5,235,0
1563,1.0,180.0,1,0
1564,1.0,51.5,92,0
1565,1.0,230.0,11,0
1566,1.33,361.67,103,0
1567,1.14,45.5,686,1
1568,1.08,208.15,430,1
1569,1.12,156.13,578,1
1570,1.0,60.78,69,0
1571,1.0,138.0,21,0
1572,1.0,25.0,62,0
1573,1.0,129.0,1,0
1574,1.0,25.56,103,0
1575,1.12,257.0,47,0
1576,1.08,239.17,370,1
1577,1.17,133.45,163,0
1578,1.5,160.57,432,1
1579,1.0,100.25,200,0
1580,1.05,134.22,393,1
1581,1.0,120.43,173,0
1582,1.02,301.1,483,1
1583,1.07,374.6,671,1
1584,1.75,52.5,184,0
1585,1.5,82.5,116,0
1586,1.07,147.2,214,0
1587,1.03,243.49,445,1
1588,1.0,50.0,1,0
1589,1.36,79.52,533,1
1590,1.0,48.0,1,0
1591,1.94,61.75,507,1
1592,1.18,65.47,162,0
1593,1.0,207.61,197,0
1594,1.22,147.66,131,0
1595,2.25,22.5,319,1
1596,2.2,168.4,73,0
1597,1.11,223.44,99,0
1598,1.86,92.43,222,0
1599,1.5,29.0,122,0
1600,1.33,53.0,79,0
1601,1.0,77.33,219,0
1602,1.0,42.0,1,0
1603,1.54,264.78,244,0
1604,1.0,170.0,32,0
1605,1.14,205.57,146,0
1606,1.43,85.81,136,0
1607,1.67,111.0,49,0
1608,1.11,52.42,588,1
1609,1.0,308.33,223,0
1610,1.0,88.86,252,0
1611,2.18,60.65,326,1
1612,1.25,278.75,136,0
1613,1.5,1529.0,569,2
1614,1.04,269.89,552,1
1615,1.0,203.23,128,0
1616,1.33,218.0,197,0
1617,1.0,38.55,447,1
1618,1.0,560.43,502,1
1619,1.0,218.0,97,0
1620,1.0,97.0,1,0
1621,1.0,142.0,1,0
1622,1.27,72.5,168,0
1623,1.06,49.44,205,0
1624,1.12,91.12,53,0
1625,1.0,53.5,119,0
1626,1.0,37.5,162,0
1627,1.05,26.52,372,1
1628,1.0,120.0,1,0
1629,1.1,66.48,559,1
1630,1.0,123.33,371,1
1631,1.0,329.0,1,0
1632,1.02,112.46,349,1
1633,3.0,135.0,51,0
1634,1.0,334.71,545,1
1635,1.0,225.25,116,0
1636,1.26,38.97,132,0
1637,1.09,1297.85,179,2
1638,1.0,46.67,90,0
1639,1.0,133.0,81,0
1640,1.0,201.68,60,0
1641,1.0,628.0,57,0
1642,1.08,60.54,88,0
1643,1.0,233.43,352,1
1644,1.09,112.55,324,1
1645,1.15,190.08,340,1
1646,1.15,33.8,290,1
1647,1.27,115.82,127,0
1648,1.08,92.25,300,1
1649,1.04,63.79,484,1
1650,1.0,152.56,100,0
1651,1.0,150.0,1,0
1652,1.0,589.92,137,0
1653,1.17,492.67,663,1
1654,1.03,329.61,668,1
1655,1.17,123.83,159,0
1656,1.0,131.29,134,0
1657,3.0,199.5,29,0
1658,1.0,20.0,1,0
1659,1.0,13.0,1,0
1660,1.07,118.33,560,1
1661,1.0,30.0,24,0
1662,2.0,20.0,1,0
1663,1.0,108.12,111,0
1664,1.12,100.5,488,1
1665,1.1,77.8,344,1
1666,1.0,65.33,39,0
1667,1.0,173.0,8,0
1668,1.0,92.86,135,0
1669,1.07,33.57,327,1
1670,2.0,30.0,1,0
1671,2.5,134.75,301,1
1672,1.0,70.91,113,0
1673,1.02,71.81,546,1
1674,1.0,62.17,104,0
1675,1.04,174.16,251,0
1676,1.0,120.0,1,0
1677,1.0,54.33,52,0
1678,1.11,94.72,185,0
1679,1.08,110.06,688,1
1680,1.0,140.0,1,0
1681,2.0,100.0,1,0
1682,1.09,66.62,533,1
1683,1.0,236.33,85,0
1684,1.0,466.0,1,0
1685,1.0,138.38,83,0
1686,1.0,55.0,1,0
1687,1.04,132.04,523,1
1688,1.0,386.0,1,0
1689,1.0,159.67,81,0
1690,1.0,115.37,332,1
1691,1.91,33.59,242,0
1692,1.5,561.05,519,1
1693,1.05,834.38,101,0
1694,1.0,69.82,132,0
1695,1.09,24.91,266,1
1696,1.0,22.0,129,0
1697,1.09,26.25,188,0
1698,1.17,153.26,317,1
1699,1.0,75.0,29,0
1700,1.0,347.1,215,0
1701,1.67,346.67,102,0
1702,1.0,105.25,547,1
1703,1.33,28.0,42,0
1704,1.07,176.64,527,1
1705,1.0,2749.0,1,2
1706,2.0,540.0,1,0
1707,1.25,162.5,46,0
1708,1.25,157.08,570,1
1709,1.57,24.14,94,0
1710,1.0,118.0,1,0
1711,1.12,56.37,392,1
1712,1.0,282.88,112,0
1713,1.0,454.0,1,0
1714,1.0,85.0,69,0
1715,1.1,77.0,366,1
1716,1.0,170.0,1,0
1717,1.0,133.3,102,0
1718,1.06,50.97,185,0
1719,1.0,95.0,136,0
1720,1.0,44.34,126,0
1721,2.0,902.6,147,0
1722,1.0,147.75,222,0
1723,1.0,222.5,188,0
1724,1.03,134.16,276,1
1725,2.25,270.0,305,1
1726,1.01,199.81,538,1
1727,1.03,111.19,362,1
1728,1.05,166.32,436,1
1729,1.0,58.7,200,0
1730,1.0,35.7,101,0
1731,1.11,18.44,123,0
1732,1.0,59.0,46,0
1733,1.06,65.55,122,0
1734,1.0,27.5,50,0
1735,1.22,156.34,691,1
1736,1.2,47.6,324,1
1737,1.0,93.0,1,0
1738,1.14,67.29,76,0
1739,1.0,51.43,262,0
1740,2.25,135.31,566,1
1741,1.33,170.33,101,0
1742,1.0,290.0,1,0
1743,1.0,12.0,134,0
1744,1.21,125.34,532,1
1745,1.0,2799.0,190,2
1746,1.2,87.3,348,1
1747,1.0,59.0,1,0
1748,1.0,178.5,203,0
1749,1.07,47.79,392,1
1750,1.03,10.58,35,0
1751,1.03,246.97,263,0
1752,1.0,42.0,1,0
1753,1.09,146.82,136,0
1754,1.0,367.5,555,1
1755,1.03,127.82,312,1
1756,2.0,998.0,1,0
1757,1.12,79.28,165,0
1758,1.0,1455.0,1,2
1759,1.0,185.24,112,0
1760,1.0,355.0,1,0
1761,1.04,117.77,526,1
1762,1.0,55.0,114,0
1763,1.0,264.89,78,0
1764,1.15,172.69,122,0
1765,1.67,156.67,27,0
1766,1.0,131.44,512,1
1767,1.0,135.0,1,0
1768,1.0,552.4,4,0
1769,1.5,46.88,361,1
1770,1.0,13.0,1,0
1771,1.4,192.54,560,1
1772,5.5,1567.5,26,2
1773,1.0,2585.0,99,2
1774,1.0,253.63,147,0
1775,1.12,549.71,517,1
1776,1.0,136.67,337,1
1777,1.0,1987.0,120,2
1778,1.75,103.0,55,0
1779,1.34,48.44,505,1
1780,1.21,254.0,246,0
1781,1.6,855.0,15,0
1782,2.0,538.0,1,0
1783,1.31,32.69,280,1
1784,1.0,24.5,88,0
1785,1.17,143.15,396,1
1786,1.06,44.28,578,1
1787,1.0,177.0,398,1
1788,1.0,57.0,87,0
1789,1.0,78.75,272,1
1790,1.0,92.14,106,0
1791,1.0,489.0,1,0
1792,1.0,263.0,56,0
1793,1.0,120.0,1,0
1794,1.0,149.0,402,1
1795,1.03,107.79,317,1
1796,1.67,165.0,239,0
1797,1.02,272.47,395,1
1798,1.11,83.95,407,1
1799,1.0,349.91,101,0
1800,1.0,895.0,22,0
1801,1.64,151.55,265,0
1802,1.0,142.0,59,0
1803,1.12,150.28,553,1
1804,1.06,286.19,480,1
1805,1.4,39.0,158,0
1806,1.0,53.3,127,0
1807,1.0,239.73,308,1
1808,1.4,28.0,132,0
1809,1.0,167.8,143,0
1810,1.29,37.41,365,1
1811,1.0,199.0,168,0
1812,1.0,83.0,60,0
1813,1.59,148.18,517,1
1814,1.0,130.0,1,0
1815,1.04,173.96,686,1
1816,1.0,139.0,15,0
1817,1.05,99.7,376,1
1818,1.16,136.16,145,0
1819,1.0,8.0,1,0
1820,1.07,247.5,82,0
1821,1.14,177.93,118,0
1822,1.02,31.39,387,1
1823,1.0,311.0,84,0
1824,1.14,147.43,124,0
1825,1.09,170.0,531,1
1826,1.77,167.92,457,1
1827,2.0,60.0,1,0
1828,1.09,151.55,80,0
1829,1.0,18.0,123,0
1830,1.67,171.0,360,1
1831,2.33,311.67,63,0
1832,1.06,80.69,45,0
1833,1.5,50.25,94,0
1834,1.0,134.0,113,0
1835,1.67,66.0,183,0
1836,1.0,298.0,1,0
1837,1.06,83.43,502,1
1838,1.0,1163.5,172,2
1839,1.21,51.54,153,0
1840,1.0,49.0,1,0
1841,1.06,65.88,152,0
1842,1.0,332.56,238,0
1843,1.0,97.78,65,0
1844,1.0,100.0,4,0
1845,1.11,56.7,183,0
1846,1.0,55.67,105,0
1847,1.0,86.0,1,0
1848,1.12,571.25,532,1
1849,2.0,400.0,179,0
1850,1.06,21.93,385,1
1851,1.0,218.5,216,0
1852,1.0,320.8,23,0
1853,1.11,87.39,106,0
1854,1.36,70.31,507,1
1855,1.11,76.42,120,0
1856,1.18,65.91,150,0
1857,1.0,215.6,187,0
1858,1.28,27.42,327,1
1859,1.0,60.5,217,0
1860,1.05,99.26,192,0
1861,1.0,42.0,1,0
1862,1.07,89.8,129,0
1863,1.0,219.0,70,0
1864,1.0,1249.0,302,2
1865,1.0,230.0,1,0
1866,1.33,264.33,22,0
1867,1.06,170.39,160,0
1868,1.0,87.0,39,0
1869,1.0,18.0,1,0
1870,1.0,104.91,317,1
1871,1.04,46.68,399,1
1872,1.12,106.88,446,1
1873,1.17,70.11,249,0
1874,1.07,32.67,137,0
1875,1.0,139.0,1,0
1876,1.0,190.0,47,0
1877,1.0,49.0,1,0
1878,1.0,59.0,15,0
1879,1.06,74.24,117,0
1880,1.0,103.33,79,0
1881,1.0,368.6,86,0
1882,1.0,688.41,294,1
1883,1.0,354.21,258,0
1884,1.56,73.96,253,0
1885,1.12,236.42,345,1
1886,1.06,16.25,595,1
1887,1.14,89.29,208,0
1888,1.0,315.0,1,0
1889,1.0,47.0,81,0
1890,1.16,114.68,245,0
1891,1.01,112.94,397,1
1892,1.1,28.3,133,0
1893,1.2,59.8,428,1
1894,1.0,389.0,1,0
1895,1.67,783.0,215,0
1896,1.0,69.18,315,1
1897,1.12,23.0,107,0
1898,1.5,61.5,259,0
1899,1.0,639.0,29,0
1900,1.0,25.0,125,0
1901,1.0,139.0,1,0
1902,1.0,30.0,1,0
1903,1.25,65.62,95,0
1904,1.5,26.75,278,1
1905,1.61,105.0,289,1
1906,1.0,22.0,1,0
1907,1.0,63.0,130,0
1908,1.29,60.07,111,0
1909,1.0,60.0,1,0
1910,2.75,204.0,118,0
1911,1.0,78.18,212,0
1912,1.08,107.85,229,0
1913,1.0,234.31,277,1
1914,1.0,58.0,36,0
1915,1.09,119.47,532,1
1916,1.2,101.6,433,1
1917,1.0,50.2,339,1
1918,1.33,63.78,474,1
1919,1.0,62.5,6,0
1920,1.17,36.5,185,0
1921,1.0,75.83,250,0
1922,1.03,85.97,520,1
1923,1.0,90.0,1,0
1924,1.75,83.75,40,0
1925,1.0,147.0,33,0
1926,1.0,80.0,1,0
1927,1.0,225.0,175,0
1928,1.0,309.08,200,0
1929,1.0,58.44,107,0
1930,1.14,201.21,178,0
1931,1.22,111.0,93,0
1932,1.0,67.0,26,0
1933,1.07,101.82,531,1
1934,1.33,51.17,67,0
1935,1.02,77.69,562,1
1936,1.12,62.08,114,0
1937,1.03,185.03,383,1
1938,1.12,157.69,195,0
1939,1.06,262.71,359,1
1940,1.0,154.69,112,0
1941,1.0,123.5,131,0
1942,1.12,75.59,405,1
1943,2.83,405.5,294,1
1944,1.0,50.0,1,0
1945,1.0,1614.0,319,2
1946,1.0,81.75,24,0
1947,1.2,114.58,257,0
1948,2.0,134.0,92,0
1949,1.09,65.01,508,1
1950,1.25,195.0,196,0
1951,1.0,73.5,10,0
1952,1.17,86.67,98,0
1953,1.72,384.11,225,0
1954,1.0,213.33,187,0
1955,1.0,30.0,79,0
1956,1.18,115.51,208,0
1957,1.08,76.45,509,1
1958,1.06,111.82,313,1
1959,1.23,131.18,681,1
1960,1.0,1299.0,1,2
1961,1.0,322.33,14,0
1962,1.0,19.67,38,0
1963,1.11,503.11,113,0
1964,1.04,244.17,681,1
1965,1.0,596.67,123,0
1966,1.0,89.92,114,0
1967,1.62,148.5,319,1
1968,1.2,115.27,326,1
1969,2.0,780.0,1,0
1970,1.0,100.0,281,1
1971,1.22,146.42,689,1
1972,1.0,64.8,272,1
1973,1.13,78.53,123,0
1974,1.0,28.67,219,0
1975,1.56,152.04,414,1
1976,1.0,43.75,83,0
1977,1.0,47.0,64,0
1978,2.75,742.5,386,1
1979,1.29,50.96,313,1
1980,1.09,52.29,688,1
1981,1.02,57.3,256,0
1982,1.26,65.61,190,0
1983,1.0,921.83,167,0
1984,1.0,147.12,151,0
1985,1.0,55.8,49,0
1986,1.25,115.84,360,1
1987,1.09,78.0,664,1
1988,1.0,240.0,1,0
1989,1.0,153.71,257,0
1990,1.4,261.0,207,0
1991,1.0,1930.67,190,2
1992,1.03,107.74,530,1
1993,2.5,150.0,109,0
1994,1.17,158.04,239,0
1995,1.09,149.0,507,1
1996,1.17,68.17,373,1
1997,1.0,52.0,143,0
1998,1.5,42.0,6,0
1999,1.0,90.0,1,0
2000,1.0,140.0,116,0
2001,1.2,34.0,236,0
2002,1.0,22.38,272,1
2003,1.01,144.89,403,1
2004,1.67,126.83,113,0
2005,1.14,49.29,143,0
2006,1.17,174.22,475,1
2007,1.04,96.05,581,1
2008,1.0,43.23,170,0
2009,1.16,40.84,142,0
2010,1.0,49.0,1,0
2011,1.0,17.0,1,0
2012,1.08,250.35,537,1
2013,1.23,55.41,154,0
2014,1.0,118.33,64,0
2015,1.17,132.83,159,0
2016,1.08,90.18,355,1
2017,1.39,69.76,561,1
2018,1.04,577.17,87,0
2019,1.27,135.27,355,1
2020,1.0,173.42,226,0
2021,1.0,28.0,1,0
2022,1.04,914.28,225,0
2023,1.0,180.25,56,0
2024,1.0,264.5,67,0
2025,1.03,292.72,435,1
2026,4.0,160.0,1,0
2027,1.0,134.83,106,0
2028,1.0,33.0,34,0
2029,1.0,220.33,91,0
2030,1.12,254.31,349,1
2031,1.0,92.59,420,1
2032,1.5,157.4,304,1
2033,1.09,66.11,327,1
2034,1.0,585.67,133,0
2035,1.17,95.0,158,0
2036,1.07,121.13,189,0
2037,1.0,49.33,26,0
2038,1.0,39.36,224,0
2039,1.02,125.05,319,1
2040,1.06,130.94,138,0
2041,1.24,65.16,428,1
2042,2.0,195.0,1,0
2043,1.0,276.2,198,0
2044,1.0,120.0,212,0
2045,1.0,220.86,50,0
2046,1.0,129.5,134,0
2047,1.5,259.0,244,0
2048,1.14,123.9,422,1
2049,1.11,141.88,261,0
2050,1.31,228.38,432,1
2051,1.0,24.0,1,0
2052,1.33,102.67,51,0
2053,1.05,32.43,375,1
2054,1.6,124.6,83,0
2055,1.0,217.89,141,0
2056,3.0,570.0,1,0
2057,1.0,140.0,319,1
2058,1.12,88.35,310,1
2059,1.0,464.0,86,0
2060,1.06,209.26,163,0
2061,1.0,136.92,106,0
2062,1.8,143.4,120,0
2063,1.14,60.88,680,1
2064,1.05,193.21,234,0
2065,1.0,85.0,73,0
2066,1.0,33.0,1,0
2067,3.0,31.5,1,0
2068,1.03,91.28,498,1
2069,1.0,40.0,12,0
2070,1.0,922.5,516,1
2071,1.0,80.0,1,0
2072,1.14,140.6,479,1
2073,1.54,312.54,149,0
2074,1.17,225.83,411,1
2075,1.0,200.4,84,0
2076,1.08,53.04,584,1
2077,1.04,134.62,336,1
2078,1.71,58.14,197,0
2079,1.0,247.5,100,0
2080,1.0,100.0,18,0
2081,1.0,41.17,29,0
2082,1.0,30.73,162,0
2083,1.0,30.0,127,0
2084,1.03,1687.67,285,2
2085,1.0,150.0,1,0
2086,1.06,56.33,566,1
2087,1.0,153.0,57,0
2088,1.05,125.93,308,1
2089,1.5,45.0,43,0
2090,1.09,95.27,102,0
2091,1.1,22.71,83,0
2092,1.09,46.64,462,1
2093,1.0,40.0,9,0
2094,1.11,52.93,484,1
2095,1.0,220.0,315,1
2096,1.0,51.5,138,0
2097,2.36,97.45,135,0
2098,1.0,64.0,1,0
2099,1.0,67.67,34,0
2100,1.0,55.0,1,0
2101,1.14,86.43,226,0
2102,1.0,30.0,50,0
2103,1.43,34.86,399,1
2104,1.07,123.2,462,1
2105,1.01,122.17,572,1
2106,1.0,210.17,226,0
2107,1.0,20.0,1,0
2108,1.12,102.68,565,1
2109,1.0,86.0,401,1
2110,1.5,53.0,218,0
2111,1.0,70.0,161,0
2112,1.0,20.0,1,0
2113,1.0,399.0,112,0
2114,1.16,58.78,285,1
2115,1.0,65.0,1,0
2116,1.0,30.0,1,0
2117,1.0,64.38,169,0
2118,1.0,248.0,1,0
2119,1.0,796.0,85,0
2120,1.0,130.0,1,0
2121,1.0,102.71,335,1
2122,1.0,167.0,217,0
2123,1.0,83.3,280,1
2124,1.0,47.0,1,0
2125,1.0,483.0,93,0
2126,1.0,26.0,1,0
2127,1.0,36.5,412,1
2128,1.15,222.76,411,1
2129,1.2,110.0,75,0
2130,1.0,69.0,80,0
2131,1.0,52.38,136,0
2132,1.17,112.17,365,1
2133,2.67,40.67,38,0
2134,1.14,88.86,95,0
2135,1.0,80.0,91,0
2136,1.0,22.0,1,0
2137,1.24,69.14,690,1
2138,1.02,57.0,385,1
2139,1.04,158.21,572,1
2140,1.0,19.95,311,1
2141,1.13,72.0,152,0
2142,1.0,54.0,1,0
2143,1.0,59.0,1,0
2144,1.05,30.26,576,1
2145,1.05,63.36,588,1
2146,1.08,152.58,553,1
2147,1.11,133.89,442,1
2148,1.17,162.0,189,0
2149,1.0,50.0,1,0
2150,1.1,66.49,519,1
2151,1.03,86.46,587,1
2152,1.11,80.56,163,0
2153,1.06,200.68,505,1
2154,1.13,74.79,459,1
2155,1.0,164.67,362,1
2156,1.0,254.33,256,0
2157,1.05,170.78,681,1
2158,1.0,50.0,1,0
2159,1.0,168.0,1,0
2160,1.33,98.67,478,1
2161,1.0,179.0,1,0
2162,1.2,160.6,186,0
2163,1.0,408.0,273,1
2164,1.0,92.5,33,0
2165,1.11,124.22,248,0
2166,1.08,259.17,327,1
2167,1.0,130.67,178,0
2168,1.0,75.0,1,0
2169,1.15,65.38,573,1
2170,1.0,289.67,207,0
2171,1.14,33.86,336,1
2172,1.0,200.0,36,0
2173,1.0,44.5,426,1
2174,1.33,252.0,94,0
2175,1.0,46.5,561,1
2176,1.41,48.54,296,1
2177,1.06,148.66,353,1
2178,1.0,559.0,1,0
2179,1.0,78.0,7,0
2180,1.0,35.33,39,0
2181,1.0,20.0,1,0
2182,1.22,177.04,394,1
2183,1.0,188.0,5,0
2184,1.0,90.0,1,0
2185,2.0,98.0,1,0
2186,1.0,115.0,1,0
2187,1.57,53.9,425,1
2188,1.17,337.83,165,0
2189,1.11,44.89,134,0
2190,1.3,283.04,502,1
2191,1.1,161.03,480,1
2192,1.0,25.0,15,0
2193,1.12,72.78,476,1
2194,1.0,35.0,160,0
2195,1.33,36.0,88,0
2196,1.0,79.0,98,0
2197,1.0,72.14,386,1
2198,1.08,62.77,544,1
2199,1.14,100.95,313,1
2200,1.0,790.0,1,0
2201,1.25,60.91,401,1
2202,1.06,81.99,570,1
2203,1.5,15.0,8,0
2204,1.2,79.73,561,1
2205,1.09,118.09,681,1
2206,1.0,392.5,18,0
2207,1.0,75.83,248,0
2208,1.23,36.63,253,0
2209,1.0,11.0,1,0
2210,1.0,110.0,85,0
2211,1.0,213.6,206,0
2212,1.0,11.0,1,0
2213,1.0,355.0,1,0
2214,1.2,125.61,524,1
2215,1.0,64.75,228,0
2216,1.06,174.65,362,1
2217,1.0,159.91,362,1
2218,1.11,43.22,281,1
2219,1.5,84.0,63,0
2220,1.04,120.75,112,0
2221,1.48,30.39,385,1
2222,1.0,140.0,189,0
2223,1.04,224.28,532,1
2224,1.06,778.19,252,0
2225,1.0,59.09,278,1
2226,1.19,65.49,415,1
2227,1.02,138.77,567,1
2228,1.0,186.67,53,0
2229,1.0,29.5,220,0
2230,1.0,54.5,481,1
2231,1.0,485.0,131,0
2232,1.0,55.0,1,0
2233,1.0,459.32,494,1
2234,1.0,6.0,29,0
2235,1.15,86.21,338,1
2236,1.08,244.41,384,1
2237,1.0,143.08,173,0
2238,1.0,324.0,35,0
2239,1.0,102.0,538,1
2240,1.15,119.8,317,1
2241,1.0,181.27,327,1
2242,1.29,51.43,112,0
2243,1.11,233.47,474,1
2244,1.33,389.33,102,0
2245,1.03,100.94,489,1
2246,1.09,127.36,92,0
2247,1.0,70.5,17,0
2248,1.06,114.15,525,1
2249,1.14,50.57,118,0
2250,1.06,103.95,550,1
2251,1.0,40.0,1,0
2252,1.26,200.44,677,1
2253,1.14,118.93,370,1
2254,1.0,70.0,511,1
2255,1.0,45.0,260,0
2256,1.02,128.54,553,1
2257,1.0,16.0,1,0
2258,1.04,75.5,434,1
2259,1.0,687.0,1,0
2260,1.0,84.67,44,0
2261,1.14,413.86,460,1
2262,1.41,54.41,479,1
2263,1.02,92.42,320,1
2264,1.0,50.5,219,0
2265,1.0,89.5,140,0
2266,1.13,55.26,129,0
2267,1.1,33.42,187,0
2268,1.0,139.56,98,0
2269,1.0,260.0,1,0
2270,1.0,255.0,154,0
2271,1.25,50.0,132,0
2272,1.0,185.0,165,0
2273,1.3,130.85,297,1
2274,1.0,35.14,77,0
2275,1.2,139.2,143,0
2276,1.0,195.11,256,0
2277,1.0,116.56,108,0
2278,1.0,61.0,81,0
2279,1.05,95.49,445,1
2280,1.02,603.98,262,0
2281,1.33,337.47,347,1
2282,1.0,99.0,48,0
2283,1.1,160.07,510,1
2284,1.25,196.75,86,0
2285,1.19,135.81,259,0
2286,1.35,71.78,683,1
2287,1.04,39.54,257,0
2288,1.27,150.07,336,1
2289,1.5,40.0,70,0
2290,1.0,110.0,87,0
2291,1.1,112.07,486,1
2292,1.07,24.32,534,1
2293,1.14,118.14,238,0
2294,1.18,73.29,175,0
2295,1.07,94.36,225,0
2296,1.0,87.44,178,0
2297,1.0,120.33,79,0
2298,1.07,69.0,360,1
2299,1.45,110.65,194,0
2300,1.02,211.97,384,1
2301,1.33,209.83,81,0
2302,1.0,238.37,406,1
2303,1.0,40.0,6,0
2304,1.0,175.0,85,0
2305,1.11,158.11,143,0
2306,1.75,71.75,74,0
2307,1.0,340.0,281,1
2308,1.0,596.0,8,0
2309,1.0,163.33,91,0
2310,1.0,21.25,218,0
2311,1.0,93.0,3,0
2312,1.08,76.11,578,1
2313,1.0,132.57,273,1
2314,1.0,87.11,209,0
2315,1.0,25.62,247,0
2316,2.33,350.0,177,0
2317,1.15,75.31,374,1
2318,1.0,650.0,223,0
2319,1.0,1699.0,1,2
2320,1.02,71.64,346,1
2321,1.43,152.21,441,1
2322,1.0,199.0,1,0
2323,1.0,20.0,1,0
2324,1.0,6499.0,1,2
2325,1.03,87.92,124,0
2326,1.07,27.17,220,0
2327,1.14,98.53,389,1
2328,1.0,16.0,1,0
2329,1.12,163.7,228,0
2330,1.0,78.0,1,0
2331,1.0,264.0,1,0
2332,1.0,165.0,1,0
2333,1.05,101.89,577,1
2334,1.08,77.92,333,1
2335,1.0,207.75,283,1
2336,1.0,31.0,238,0
2337,1.25,90.5,104,0
2338,1.0,100.0,6,0
2339,1.0,122.0,116,0
2340,1.0,50.0,80,0
2341,1.0,161.07,473,1
2342,1.0,20.0,1,0
2343,1.0,89.83,310,1
2344,1.0,92.78,281,1
2345,1.0,181.0,106,0
2346,1.0,89.0,1,0
2347,1.15,134.81,568,1
2348,1.0,120.0,1,0
2349,1.83,344.17,111,0
2350,1.0,49.0,1,0
2351,1.36,78.14,158,0
2352,1.25,37.62,281,1
2353,1.29,102.79,576,1
2354,1.0,411.0,219,0
2355,1.12,98.5,90,0
2356,1.12,69.44,301,1
2357,1.0,67.83,266,1
2358,2.0,56.0,1,0
2359,1.0,252.71,106,0
2360,1.1,142.9,130,0
2361,1.0,103.47,505,1
2362,1.12,101.5,301,1
2363,1.0,191.25,250,0
2364,1.0,137.0,1,0
2365,1.0,98.07,93,0
2366,1.27,39.89,227,0
2367,1.0,209.0,1,0
2368,1.13,169.09,462,1
2369,1.0,131.0,17,0
2370,1.0,524.0,209,0
2371,1.0,238.0,91,0
2372,2.0,102.0,14,0
2373,1.0,104.77,77,0
2374,1.04,132.31,324,1
2375,1.0,17.5,254,0
2376,1.0,235.0,1,0
2377,1.0,187.97,137,0
2378,1.1,72.3,80,0
2379,1.0,34.5,99,0
2380,1.12,153.41,394,1
2381,1.0,273.5,176,0
2382,1.0,35.0,1,0
2383,1.83,104.83,41,0
2384,1.15,129.09,107,0
2385,1.05,22.49,467,1
2386,1.17,203.17,166,0
2387,1.0,50.67,15,0
2388,1.05,67.15,158,0
2389,4.0,1736.0,60,2
2390,1.0,95.0,98,0
2391,1.0,45.0,1,0
2392,1.14,44.29,183,0
2393,1.14,170.43,241,0
2394,1.19,312.75,241,0
2395,1.0,73.0,118,0
2396,1.14,146.86,81,0
2397,1.0,257.71,192,0
2398,1.0,84.33,89,0
2399,1.0,451.0,215,0
2400,1.0,164.0,2,0
2401,1.57,191.07,246,0
2402,1.05,93.82,90,0
2403,1.09,125.95,284,1
2404,1.0,111.38,424,1
2405,1.23,242.59,398,1
2406,1.0,582.33,255,0
2407,1.17,58.65,253,0
2408,1.0,160.28,221,0
2409,1.2,188.7,580,1
2410,1.0,177.78,308,1
2411,1.0,68.83,554,1
2412,1.0,14.0,1,0
2413,1.17,76.19,655,1
2414,1.5,87.5,52,0
2415,1.05,75.25,454,1
2416,1.33,177.3,336,1
2417,1.11,86.0,175,0
2418,1.0,91.0,18,0
2419,1.0,2432.33,66,2
2420,1.14,127.18,161,0
2421,1.0,84.0,1,0
2422,1.08,152.08,251,0
2423,1.11,600.0,174,0
2424,1.07,95.41,250,0
2425,1.08,103.5,140,0
2426,1.19,42.47,462,1
2427,1.0,17.2,285,1
2428,1.56,502.56,249,0
2429,1.0,67.5,209,0
2430,1.0,34.22,79,0
2431,1.0,297.5,137,0
2432,2.25,124.32,342,1
2433,1.0,143.12,297,1
2434,1.0,317.8,463,1
2435,1.0,162.33,54,0
2436,1.0,22.0,1,0
2437,1.29,55.43,285,1
2438,1.45,189.55,94,0
2439,1.0,709.0,474,1
2440,1.0,1635.4,117,2
2441,1.33,447.33,108,0
2442,1.0,84.93,178,0
2443,1.0,320.0,112,0
2444,1.06,68.34,88,0
2445,1.12,243.92,405,1
2446,1.5,110.0,122,0
2447,1.04,11.52,547,1
2448,1.0,115.71,132,0
2449,1.0,64.0,242,0
2450,1.4,141.47,164,0
2451,1.0,261.33,205,0
2452,1.05,96.79,586,1
2453,1.0,100.0,1,0
2454,1.0,40.0,69,0
2455,1.06,69.39,416,1
2456,1.0,301.41,117,0
2457,1.0,48.0,80,0
2458,1.19,216.48,544,1
2459,1.03,396.4,592,1
2460,1.03,65.27,347,1
2461,1.78,229.22,178,0
2462,1.0,35.0,1,0
2463,1.0,79.5,60,0
2464,1.02,173.25,555,1
2465,1.11,200.44,91,0
2466,1.0,387.0,93,0
2467,1.0,75.0,1,0
2468,1.2,88.43,579,1
